x,2017,2018,2019,2020,2021,Overall
C,6.828689242,4.911608852,6.929670557,7.658787799,9.187016731,7.135606493
C++,16.06272648,10.94536225,16.44118558,15.77974383,17.72312262,15.3278744
C#,13.32625266,9.400187024,16.02292678,16.42237775,17.51780176,14.58637458
Python,18.60552293,17.66487064,28.95796757,32.13169594,28.13769604,25.41981264
TypeScript,1.137073597,1.113238634,1.874419085,2.319644351,3.127866847,1.970243332
JavaScript,7.297263526,5.294562943,5.473510276,3.908622739,3.774409156,4.997148078
Java ,11.3957266,3.940864764,5.762676856,5.642853999,5.469398454,6.147584567
Kotlin,0.868424341,0.743643407,1.296085924,1.562568775,2.096893976,1.345720666
PHP,20.77345995,43.73691945,13.81286791,10.59905806,9.418548775,19.70823384
Swift,3.704860677,2.24874204,3.428689456,3.974646771,3.547245642,3.361401406
